series_1,series_2,relationship_type,evidence_score,recommended_methods,strongest_method,max_abs_correlation,pearson,pearson_p,pearson_p_raw,spearman,spearman_p,spearman_p_raw,kendall,kendall_p,kendall_p_raw,significant_methods,n_obs,n_effective,rolling_mean,rolling_std,ccf_zero_lag,ccf_peak,ccf_peak_lag,ccf_band,ccf_peak_significant,lag_ratio,lag_detected
Label_3,Label_10,linear,0.999,pearson,spearman,0.9987193716383506,0.9985928524115742,3.9215528348553674e-08,1.8943980718306249e-65,0.9987193716383506,2.8617757881108908e-08,1.7996674604849403e-66,0.9834087481146304,0.0031291964779845485,7.820599666762411e-25,3,52,8.7,0.9992271828648278,0.001945462458795999,0.9895974988870961,0.9895974988870961,0,0.8856559927218728,True,1.0,False
Label_4,Label_9,linear,0.984,pearson,pearson,0.98439483956693,0.98439483956693,3.0486694983645905e-05,2.134302987201322e-39,0.9704601724579526,0.0002869992537121336,1.5387983440431173e-32,0.8944193061840121,0.00465304625667399,8.063479828708131e-21,3,52,9.1,0.9920107339892383,0.01532787977595463,0.9940354195684613,0.9940354195684613,0,0.8279060470145431,True,1.0,False
Label_5,Label_6,complex,0.322,"ccf, spearman",pearson,0.9647782984964459,0.9647782984964459,0.028152679465722804,1.1704004831137931e-30,0.892854093741996,0.1006558844753909,5.952793147054377e-19,0.7073906485671192,0.07777665499645832,1.3432080886288012e-13,1,52,5.8,0.4650282545169828,0.6371736499217273,0.5518036640134092,0.571756328327076,-1,0.8060117975641309,False,1.0361589920743657,False
Label_2,Label_9,linear,0.92,pearson,pearson,0.919692898833344,0.919692898833344,0.027339866722325305,6.092196615456174e-22,0.9122342696149577,0.034750851488577275,5.1305040875857154e-21,0.8054298642533937,0.03960450159885535,3.526172743257322e-17,3,52,7.6,0.9660667303259276,0.05793421213605473,0.9101771482093197,0.9101771482093197,0,0.8761840781449606,True,1.0,False
Label_6,Label_8,none,0.0,,pearson,0.8943424316746234,0.8943424316746234,0.10575917999770813,4.2725872600538376e-19,0.8581917527533509,0.1386708151401661,4.300899652369612e-16,0.6530920060331825,0.12916116253640605,8.276809752440029e-12,0,52,5.3,0.21630375924897735,0.6515801051746012,0.4609481044523343,0.4609481044523343,0,0.8639706556380177,False,1.0,False
Label_5,Label_8,none,0.0,,spearman,0.8873900793989584,0.8455836405450498,0.11464249254533827,3.094092274248165e-15,0.8873900793989584,0.10929785546043497,1.931524814771283e-18,0.7254901960784313,0.07777665499645832,3.1691856324661836e-14,0,52,5.7,0.4789178311846243,0.47783805667789914,0.19883375615362386,0.5108962575925496,-4,0.8203659554615104,False,2.569464398177031,False
Label_2,Label_8,none,0.0,,pearson,0.8577110622271987,0.8577110622271987,0.11341023572879569,4.65288692894211e-16,0.7215913941774096,0.22419619844099456,1.5846174808072015e-09,0.5113122171945702,0.17025596575196825,8.788148409884099e-08,0,52,5.7,0.3962518979702637,0.5521254065864685,0.7322866417537687,0.7322866417537687,0,0.8385123576590766,False,1.0,False
Label_2,Label_4,linear,0.284,pearson,pearson,0.8522503232355966,0.8522503232355966,0.04859907784432703,1.1150079190016795e-15,0.8323230598480321,0.08967467406477769,2.0570515130851548e-14,0.7119155354449472,0.06319298977927715,9.392497102807328e-14,1,52,7.8,0.9637192418735174,0.05036626742931424,0.91108385927734,0.91108385927734,0,0.861271200164871,True,1.0,False
Label_1,Label_4,complex,0.543,"ccf, spearman",spearman,0.8138820114402799,0.7770462710790192,0.04859907784432703,1.2657558151499143e-11,0.8138820114402799,0.034750851488577275,2.2156228594321663e-13,0.6108597285067874,0.06319298977927715,1.639744717657427e-10,2,52,10.5,0.5539174990818376,0.5679554861359122,0.6212601022440309,0.6212601022440309,0,0.8531446589996392,False,1.0,False
Label_1,Label_9,complex,0.264,"ccf, spearman",spearman,0.7933919576538888,0.7337947283967463,0.06365421319733813,6.069756091901926e-10,0.7933919576538888,0.04597011446145451,2.3257730212773082e-12,0.5776772247360482,0.07269944145070815,1.4981414924766646e-09,1,52,10.3,0.5357150391622967,0.5578476870542076,0.6048782613190111,0.6048782613190111,0,0.8651764062286733,False,1.0,False
Label_7,Label_8,none,0.0,,pearson,0.7643742397747122,0.7643742397747122,0.08149754191898462,4.2810969712766544e-11,0.7454110817040894,0.10929785546043497,2.316695841055136e-10,0.579185520361991,0.07705900523866074,1.358285263481335e-09,0,52,8.4,0.665631208500907,0.3525682537276897,0.871646761377378,0.871646761377378,0,0.8503593124785191,True,1.0,False
Label_2,Label_7,none,0.0,,pearson,0.7554782511698429,0.7554782511698429,0.07428817163448224,9.634031542499016e-11,0.6107743532826774,0.17267200378668018,1.5213223224294858e-06,0.46757164404223234,0.12916116253640605,9.957965586078131e-07,0,52,9.0,0.3634958522126712,0.6538622875334391,0.726867530145469,0.726867530145469,0,0.8284201856012994,False,1.0,False
Label_7,Label_10,complex,0.242,"ccf, spearman",pearson,0.7273985811448823,0.7273985811448823,0.04859907784432703,1.010131010559703e-09,0.6806112866046273,0.08991961882192501,2.8369212311640837e-08,0.4811463046757165,0.07705900523866074,4.79080943193252e-07,1,52,12.1,0.6570473794159827,0.4145693673466938,0.5190656723075369,0.5326290118156852,-1,0.8752646896268046,False,1.0261302957058434,False
Label_3,Label_7,complex,0.238,"ccf, spearman",pearson,0.7151464196176996,0.7151464196176996,0.04859907784432703,2.5781393505510422e-09,0.6730128916588406,0.08991961882192501,4.6071172735904896e-08,0.47360482654600305,0.07705900523866074,7.210893459016464e-07,1,52,12.1,0.6503174885738487,0.4184364782463207,0.5186793955230187,0.5214237456419252,1,0.854214945532984,False,1.005291033618444,False
Label_2,Label_6,none,0.0,,pearson,0.7044761215140226,0.7044761215140226,0.1619465332799787,5.6090862246461765e-09,0.6406556817211644,0.2547788942080168,3.1302197118438947e-07,0.5143288084464555,0.1653300662060871,7.377990204153232e-08,0,52,5.9,0.3376237371310636,0.5577114428230323,0.5975414149331276,0.5975414149331276,0,0.8675134725652501,False,1.0,False
Label_1,Label_7,none,0.0,,pearson,0.6980892086463196,0.6980892086463196,0.06365421319733813,8.78931569835744e-09,0.623068385554512,0.11391523459280188,8.098659950007408e-07,0.4811463046757165,0.07705900523866074,4.79080943193252e-07,0,52,11.5,0.5388407919029699,0.5285405680256102,0.7736408363231917,0.7736408363231917,0,0.8425292598329034,False,1.0,False
Label_5,Label_7,none,0.0,,spearman,0.6775377785366685,0.5563662361929765,0.1610784988439793,1.8463627167314954e-05,0.6775377785366685,0.13532852482250157,3.457578474724697e-08,0.5610859728506787,0.07705900523866074,4.332767680051467e-09,0,52,9.0,0.5732295143101562,0.3941048375819064,0.15722339055636902,0.5450434259319499,-5,0.8119287635551339,False,3.4666815414881693,False
Label_2,Label_5,none,0.0,,spearman,0.6525228378724495,0.6091109747911293,0.22464062013639483,1.6534147466173604e-06,0.6525228378724495,0.23563932420575637,1.5918240707807378e-07,0.5082956259426847,0.16090013392747765,1.045771096129898e-07,0,52,6.2,0.450074758357523,0.5113415471709543,0.20664208140478166,0.3771328583934476,-4,0.7049356227012127,False,1.8250535216720907,False
Label_7,Label_9,none,0.0,,pearson,0.6352179116750546,0.6352179116750546,0.11677025852716673,4.2265815829752465e-07,0.5304362673952019,0.21961507570552996,5.237637658393632e-05,0.411764705882353,0.12916116253640605,1.6434491836985377e-05,0,52,10.1,0.3728409568482846,0.5982662037328839,0.5161614348821006,0.5161614348821006,0,0.8148565782880323,False,1.0,False
Label_1,Label_2,none,0.0,,pearson,0.63175080490823,0.63175080490823,0.12346834767215588,5.103019006083981e-07,0.6074447195423888,0.17267200378668018,1.796381793743463e-06,0.44645550527903477,0.12916116253640605,2.989830852452395e-06,0,52,9.0,0.498789207109382,0.6294077059199656,0.7696330196399307,0.7696330196399307,0,0.9077782951896008,False,1.0,False
Label_8,Label_9,none,0.0,,pearson,0.6217016822128159,0.6217016822128159,0.1714548987400143,8.698281845209679e-07,0.45991633228037215,0.35603643652370354,0.0006029883878228702,0.3559577677224736,0.25924876341357095,0.00019563444411609557,0,52,7.0,0.3289218869243534,0.5505186599061749,0.5252660006410247,0.5252660006410247,0,0.8244434370467045,False,1.0,False
Label_6,Label_7,none,0.0,,pearson,0.6211040807331737,0.6211040807331737,0.14522142999269166,8.973272155123505e-07,0.5632203534534278,0.22615521712485132,1.3810324295379426e-05,0.46153846153846156,0.12916116253640605,1.3698722343355653e-06,0,52,8.5,0.2927698544391374,0.7252528616308772,0.645499084169903,0.645499084169903,0,0.8551537959909219,False,1.0,False
Label_4,Label_7,none,0.0,,pearson,0.5630950990096821,0.5630950990096821,0.14522142999269166,1.3884610186388402e-05,0.41611884231196106,0.29891331451890657,0.0021535715217590435,0.33634992458521873,0.17914275292664011,0.0004324913846217062,0,52,10.2,0.33947753394309366,0.6182032544568842,0.5081951425949286,0.5081951425949286,0,0.808845872735049,False,1.0,False
Label_8,Label_10,none,0.0,,spearman,0.5369247844275591,0.5158677890316863,0.11341023572879569,9.072569570884467e-05,0.5369247844275591,0.10929785546043497,4.0672571198055786e-05,0.40120663650075417,0.07705900523866074,2.6922010539967242e-05,0,52,16.1,0.6574243831168949,0.365636442945459,0.48841349669266404,0.5767177830222903,-1,0.8771232103818262,False,1.1807982107939003,False
Label_3,Label_8,none,0.0,,spearman,0.5285580124647827,0.5089894156936268,0.11341023572879569,0.00011659057664388934,0.5285580124647827,0.10929785546043497,5.630050137063043e-05,0.3996983408748115,0.07705900523866074,2.8861236049421146e-05,0,52,16.7,0.6656971807274252,0.36650931939085574,0.49390200895851094,0.5622995685320957,1,0.8622806678005315,False,1.1384840683637114,False
Label_9,Label_10,none,0.0,,pearson,0.5145660317030761,0.5145660317030761,0.11677025852716673,9.517558873763083e-05,0.41492358917442157,0.22615521712485132,0.002224557039324915,0.3092006033182504,0.16090013392747765,0.001214974091482028,0,52,14.6,0.35478032604208676,0.503925600109843,0.48760454221841865,0.5777756129577075,-2,0.8173390136574057,False,1.184926642252027,False
Label_1,Label_10,none,0.0,,pearson,0.5092427231877901,0.5092427231877901,0.11677025852716673,0.0001155295215708661,0.4641850934858704,0.17267200378668018,0.0005277087951358191,0.33634992458521873,0.12916116253640605,0.0004324913846217062,0,52,15.3,0.4779399458491426,0.35794688819842757,0.5389782448625021,0.5651486853154882,-1,0.8302674630969176,False,1.0485556526676925,False
Label_4,Label_8,none,0.0,,pearson,0.4944372300375554,0.4944372300375554,0.297731888830602,0.00019481127290468683,0.3080338085887475,0.5561374649806017,0.026310858638540904,0.2564102564102564,0.39103329962890243,0.0072972419911257165,0,52,7.2,0.29377284081327276,0.5722992171634512,0.5109331449079029,0.5109331449079029,0,0.8184144934310411,False,1.0,False
Label_2,Label_10,none,0.0,,pearson,0.49203942070237566,0.49203942070237566,0.11677025852716673,0.00021154330739604326,0.3654913344147528,0.2547788942080168,0.007712592969991663,0.27149321266968324,0.17815712038416245,0.004500229192943962,0,52,15.8,0.35705821235752394,0.5489935415485766,0.5724247639038094,0.6195572215443444,-1,0.8232809971789531,False,1.0823382575538876,False
Label_3,Label_9,none,0.0,,pearson,0.48713714367372035,0.48713714367372035,0.12346834767215588,0.000249888187618725,0.3981046700247588,0.23563932420575637,0.003468327757639794,0.2986425339366516,0.1653300662060871,0.0017788593882081469,0,52,14.8,0.3439972497064572,0.5060605986300529,0.4512462951618722,0.5555799826267754,2,0.7923822459559969,False,1.2312122860254762,False
Label_1,Label_3,none,0.0,,pearson,0.4848715068101538,0.4848715068101538,0.12346834767215588,0.0002696592562958086,0.4524033125586955,0.17267200378668018,0.0007593327627127736,0.3288084464555053,0.12916116253640605,0.0005806205360406728,0,52,15.5,0.465280298019086,0.36312787397997376,0.4855106462714833,0.5167484115398709,-1,0.8002285288065368,False,1.0643400211885783,False
Label_5,Label_10,none,0.0,,spearman,0.4728079911209767,0.42729722780008067,0.14825030623655858,0.0015810459040873617,0.4728079911209767,0.16460913410404648,0.0004009464263424054,0.33182503770739064,0.12916116253640605,0.0005164547627011973,0,52,16.0,0.38721498945562466,0.42963772910210096,0.31873631746230585,0.6754172414508195,3,0.8874130131112777,False,2.1190470129927856,False
Label_2,Label_3,none,0.0,,pearson,0.46800142410975765,0.46800142410975765,0.12346834767215588,0.00046771064042603136,0.3485870400409801,0.2547788942080168,0.011322705403796866,0.2609351432880845,0.17914275292664011,0.006327433288182815,0,52,16.3,0.34653819865064067,0.5486861803978801,0.5285269251192295,0.5766801988524254,-1,0.779451384499028,False,1.0911084590862292,False
Label_3,Label_5,none,0.0,,spearman,0.46333134124477077,0.42300214856831814,0.14825030623655858,0.00178258992264189,0.46333134124477077,0.16460913410404648,0.0005420476630119746,0.32428355957767724,0.12916116253640605,0.0006909055884956194,0,52,16.5,0.3787555488999581,0.4435858195749576,0.35455956076581324,0.6788504530091095,-3,0.8791680056253567,False,1.914630228960292,False
Label_4,Label_10,none,0.0,,pearson,0.46059725145567376,0.46059725145567376,0.14825030623655858,0.0005903657764860477,0.38231025356441556,0.2547788942080168,0.005158346402299982,0.2911010558069381,0.1772657831904453,0.002319421917676947,0,52,14.3,0.3151915023297941,0.5032745115805506,0.46771764403895555,0.5831244792742841,-2,0.8212109997785597,False,1.2467446689390158,False
Label_6,Label_9,none,0.0,,pearson,0.4448548397038235,0.4448548397038235,0.3610701989743715,0.0009522602618491477,0.4027149321266968,0.42244549438065104,0.0030776825918870355,0.34087481146304677,0.271162354413178,0.0003614132494607413,0,52,7.1,0.26904095705829884,0.5739795649695928,0.5074542743676805,0.5136904060681071,1,0.8440434890480819,False,1.0122890514779823,False
Label_5,Label_9,none,0.0,,spearman,0.4403654059591906,0.3557798810057873,0.4584740853917749,0.009639486567450612,0.4403654059591906,0.35603643652370354,0.0010868651230611483,0.38009049773755654,0.20313974163972642,6.976011043020065e-05,0,52,7.5,0.538209721728546,0.46761094978800916,0.3484136168122091,0.46391168746400363,3,0.7369766589769987,False,1.3314970055089628,False
Label_3,Label_4,none,0.0,,pearson,0.43257046877454813,0.43257046877454813,0.1610784988439793,0.001361563575297727,0.3643814565013233,0.2613493415541049,0.007914358862329843,0.28054298642533937,0.17914275292664011,0.0033303165987978675,0,52,14.5,0.3042879147761181,0.5039049892775972,0.42382646817197717,0.553517187838121,2,0.7961183188130007,False,1.3059995762546828,False
Label_6,Label_10,none,0.0,,pearson,0.41700390355727146,0.41700390355727146,0.1610784988439793,0.002102312777948761,0.29292239392128405,0.35603643652370354,0.03508167417970764,0.21417797888386125,0.2756773066352107,0.02502182123067079,0,52,15.2,0.11679321051988441,0.6022212024612926,0.42517465822841694,0.6912705455831117,3,0.8732523742117836,False,1.625850770277423,False
Label_3,Label_6,none,0.0,,pearson,0.4068028329839635,0.4068028329839635,0.1610784988439793,0.0027643783974599257,0.27883548194314006,0.35603643652370354,0.04531403803380465,0.20663650075414783,0.2788369587802658,0.03060623764019338,0,52,15.7,0.10587519257899099,0.603295936820995,0.4554636111398597,0.6781532387448399,-3,0.855759893500197,False,1.488929570131122,False
Label_1,Label_8,none,0.0,,pearson,0.3145556385650412,0.3145556385650412,0.47895349654102626,0.02313841756426161,0.2095107999658499,0.6424591565175549,0.13604623788417564,0.0995475113122172,0.7112351780051188,0.2975869303622516,0,52,8.3,0.05332478154396585,0.5628799073111224,0.5451859060167452,0.5451859060167452,0,0.8521750963154773,False,1.0,False
Label_4,Label_6,none,0.0,,pearson,0.2860289510659287,0.2860289510659287,0.5602418605937542,0.039820217924798465,0.22769572270127209,0.6424591565175549,0.1044981000588932,0.24132730015082957,0.4085227573493713,0.011565075082202244,0,52,7.3,0.22499782871177834,0.5720876224396453,0.4519178339809386,0.4572750670294766,-1,0.8358901724569504,False,1.0118544404440653,False
Label_4,Label_5,none,0.0,,kendall,0.27450980392156865,0.1857680870212578,0.6988888553200643,0.18732318496037093,0.25834542815674894,0.6006214352553225,0.06442916296737716,0.27450980392156865,0.3385988064666011,0.0040742915287709045,0,52,7.7,0.46675116311718506,0.5106133590740597,0.2459206411118118,0.4593318146449973,-4,0.7422875377842827,False,1.8678050470605052,False
Label_1,Label_5,none,0.0,,spearman,0.18867924528301888,-0.02948514514165035,0.9403988743835531,0.8356218448246486,0.18867924528301888,0.6435780561606375,0.18038236236289829,0.12669683257918554,0.6310827415801984,0.18493881517565858,0,52,8.9,0.22000911623443403,0.5522873699628613,-0.008158860694604607,0.4731659564939173,5,0.7527006890900234,False,57.994121263379135,False
Label_1,Label_6,none,0.0,,spearman,0.12200119525313755,0.10919833880405794,0.8079519290269053,0.4409398168375106,0.12200119525313755,0.7658836561959464,0.3889066179549086,0.06334841628959277,0.801844280762049,0.507426364027451,0,52,8.4,0.11441517960458261,0.6341696183261799,0.6312285921522777,0.6312285921522777,0,0.8737915556494903,False,1.0,False
